{
  "model": "vit_b16",
  "device": "cpu",
  "preliminary": true,
  "test_metrics": {
    "loss": 0.68506,
    "accuracy": 0.541667,
    "f1": 0.233983,
    "precision": 0.651163,
    "recall": 0.142615,
    "roc_auc": 0.45971,
    "confusion_matrix": [
      [
        566,
        45
      ],
      [
        505,
        84
      ]
    ],
    "classification_report": {
      "AUTHENTIC": {
        "precision": 0.5284780578898226,
        "recall": 0.9263502454991817,
        "f1-score": 0.6730083234244947,
        "support": 611.0
      },
      "AI_GENERATED": {
        "precision": 0.6511627906976745,
        "recall": 0.14261460101867574,
        "f1-score": 0.233983286908078,
        "support": 589.0
      },
      "accuracy": 0.5416666666666666,
      "macro avg": {
        "precision": 0.5898204242937486,
        "recall": 0.5344824232589287,
        "f1-score": 0.45349580516628635,
        "support": 1200.0
      },
      "weighted avg": {
        "precision": 0.58869581424301,
        "recall": 0.5416666666666666,
        "f1-score": 0.45752020133435345,
        "support": 1200.0
      }
    }
  },
  "confusion_matrix": [
    [
      566,
      45
    ],
    [
      505,
      84
    ]
  ],
  "classification_report": {
    "AUTHENTIC": {
      "precision": 0.5284780578898226,
      "recall": 0.9263502454991817,
      "f1-score": 0.6730083234244947,
      "support": 611.0
    },
    "AI_GENERATED": {
      "precision": 0.6511627906976745,
      "recall": 0.14261460101867574,
      "f1-score": 0.233983286908078,
      "support": 589.0
    },
    "accuracy": 0.5416666666666666,
    "macro avg": {
      "precision": 0.5898204242937486,
      "recall": 0.5344824232589287,
      "f1-score": 0.45349580516628635,
      "support": 1200.0
    },
    "weighted avg": {
      "precision": 0.58869581424301,
      "recall": 0.5416666666666666,
      "f1-score": 0.45752020133435345,
      "support": 1200.0
    }
  },
  "false_positive_rate": 0.07365,
  "latency": {
    "n_runs": 50,
    "p50_ms": 77.337,
    "p95_ms": 79.154,
    "p99_ms": 79.403,
    "mean_ms": 77.396,
    "throughput_imgs_per_sec": 12.9
  },
  "memory": {
    "total_parameters": 85800194,
    "trainable_parameters": 85800194,
    "model_size_mb": 327.3
  },
  "model_path": "/Users/yashrajdnyaneshwarkuyate/FiduScan/models/vit_b16_phase2a.pth",
  "artifact_sha256": "94cd13c670f777eaf72d9348024fbba8b003e925d490672cd37cbcb6b38c5477",
  "preliminary_note": "ViT-B16 stopped after partial epoch 1 (CPU). Full training deferred to cloud GPU. Metrics are PRELIMINARY \u2014 not representative of converged performance."
}